variant_name,round_id,start_epoch,end_epoch,round_avg_objective,round_cb_objective
ablation_no_zero_mask,1,1,24,18105.125,4722.0
ablation_no_zero_mask,2,25,48,18309.25,4400.0
ablation_no_zero_mask,3,49,72,17677.416666666668,4426.0
ablation_no_zero_mask,4,73,96,17693.041666666668,4274.0
ablation_no_zero_mask,5,97,120,17223.875,4129.0
ablation_no_zero_mask,6,121,144,17671.5,4294.0
ablation_no_zero_mask,7,145,168,17697.666666666668,4339.0
ablation_no_zero_mask,8,169,192,17520.125,4720.0
ablation_no_zero_mask,9,193,216,17153.083333333332,4464.0
ablation_no_zero_mask,10,217,240,17037.083333333332,4102.0
ablation_no_zero_mask,11,241,264,16879.666666666668,4182.0
ablation_no_zero_mask,12,265,288,16276.625,4124.0
ablation_no_zero_mask,13,289,312,16239.958333333334,3939.0
ablation_no_zero_mask,14,313,336,16123.458333333334,3793.0
ablation_no_zero_mask,15,337,360,15989.0,3828.0
ablation_no_zero_mask,16,361,384,15822.083333333334,3786.0
ablation_no_zero_mask,17,385,408,15721.875,3738.0
ablation_no_zero_mask,18,409,432,15619.125,3778.0
ablation_no_zero_mask,19,433,456,15601.541666666666,3795.0
ablation_no_zero_mask,20,457,480,15471.541666666666,3772.0
ablation_no_zero_mask,21,481,504,15109.458333333334,3742.0
ablation_no_zero_mask,22,505,528,14912.625,3665.0
ablation_no_zero_mask,23,529,552,15163.458333333334,3758.0
ablation_no_zero_mask,24,553,576,15076.833333333334,3764.0
ablation_no_zero_mask,25,577,600,14944.416666666666,3856.0
ablation_no_zero_mask,26,601,624,14755.458333333334,3852.0
ablation_no_zero_mask,27,625,648,14783.375,3830.0
ablation_no_zero_mask,28,649,672,14741.916666666666,3904.0
ablation_no_zero_mask,29,673,696,14819.0,4043.0
ablation_no_zero_mask,30,697,720,14718.041666666666,3854.0
ablation_no_zero_mask,31,721,744,14684.916666666666,3782.0
ablation_no_zero_mask,32,745,768,14702.416666666666,3841.0
ablation_no_zero_mask,33,769,792,14648.125,3777.0
ablation_no_zero_mask,34,793,816,14792.375,3848.0
ablation_no_zero_mask,35,817,840,14889.666666666666,3916.0
ablation_no_zero_mask,36,841,864,15129.375,3953.0
ablation_no_zero_mask,37,865,888,15060.208333333334,3947.0
ablation_no_zero_mask,38,889,912,14925.375,4018.0
ablation_no_zero_mask,39,913,936,15217.916666666666,4032.0
ablation_no_zero_mask,40,937,960,15269.25,4032.0
ablation_no_zero_mask,41,961,984,15442.75,4030.0
ablation_no_zero_mask,42,985,1008,15550.0,4094.0
ablation_no_zero_mask,43,1009,1032,15180.166666666666,3988.0
ablation_no_zero_mask,44,1033,1056,15144.083333333334,3921.0
ablation_no_zero_mask,45,1057,1080,15137.416666666666,3824.0
ablation_no_zero_mask,46,1081,1104,14892.0,3836.0
ablation_no_zero_mask,47,1105,1128,14933.041666666666,3812.0
ablation_no_zero_mask,48,1129,1152,14736.5,3775.0
ablation_no_zero_mask,49,1153,1176,14869.75,3812.0
ablation_no_zero_mask,50,1177,1200,14856.583333333334,3806.0
ablation_no_zero_mask,51,1201,1224,14817.708333333334,3764.0
ablation_no_zero_mask,52,1225,1248,15137.416666666666,3818.0
ablation_no_zero_mask,53,1249,1272,15095.375,3775.0
ablation_no_zero_mask,54,1273,1296,15042.625,3760.0
ablation_no_zero_mask,55,1297,1320,14760.375,3761.0
ablation_no_zero_mask,56,1321,1344,14759.583333333334,3718.0
ablation_no_zero_mask,57,1345,1368,14965.875,3755.0
ablation_no_zero_mask,58,1369,1392,14747.75,3724.0
ablation_no_zero_mask,59,1393,1416,14726.166666666666,3713.0
ablation_no_zero_mask,60,1417,1440,14662.208333333334,3708.0
ablation_no_zero_mask,61,1441,1464,14723.458333333334,3718.0
ablation_no_zero_mask,62,1465,1488,14877.333333333334,3722.0
ablation_no_zero_mask,63,1489,1512,14683.166666666666,3704.0
ablation_no_zero_mask,64,1513,1536,14878.5,3697.0
ablation_no_zero_mask,65,1537,1560,14660.208333333334,3696.0
ablation_no_zero_mask,66,1561,1584,14674.875,3688.0
ablation_no_zero_mask,67,1585,1608,14890.166666666666,3676.0
ablation_no_zero_mask,68,1609,1632,14990.208333333334,3720.0
ablation_no_zero_mask,69,1633,1656,14806.791666666666,3720.0
ablation_no_zero_mask,70,1657,1680,14719.791666666666,3698.0
ablation_no_zero_mask,71,1681,1704,14769.333333333334,3708.0
ablation_no_zero_mask,72,1705,1728,14652.541666666666,3717.0
ablation_no_zero_mask,73,1729,1752,14627.083333333334,3702.0
ablation_no_zero_mask,74,1753,1776,14636.333333333334,3694.0
ablation_no_zero_mask,75,1777,1800,14624.625,3680.0
ablation_no_zero_mask,76,1801,1824,14632.583333333334,3687.0
ablation_no_zero_mask,77,1825,1848,14609.125,3702.0
ablation_no_zero_mask,78,1849,1872,14601.666666666666,3662.0
ablation_no_zero_mask,79,1873,1896,14669.125,3662.0
ablation_no_zero_mask,80,1897,1920,14673.625,3692.0
ablation_no_zero_mask,81,1921,1944,14653.791666666666,3713.0
ablation_no_zero_mask,82,1945,1968,14684.0,3670.0
ablation_no_zero_mask,83,1969,1992,14738.375,3688.0
ablation_no_zero_mask,84,1993,2016,14767.708333333334,3699.0
ablation_no_zero_mask,85,2017,2040,14720.666666666666,3724.0
ablation_no_zero_mask,86,2041,2064,14737.333333333334,3695.0
ablation_no_zero_mask,87,2065,2088,14831.375,3678.0
ablation_no_zero_mask,88,2089,2112,14696.083333333334,3706.0
ablation_no_zero_mask,89,2113,2136,14760.5,3696.0
ablation_no_zero_mask,90,2137,2160,14812.041666666666,3712.0
ablation_no_zero_mask,91,2161,2184,14767.0,3696.0
ablation_no_zero_mask,92,2185,2208,14787.708333333334,3714.0
ablation_no_zero_mask,93,2209,2232,14832.708333333334,3724.0
ablation_no_zero_mask,94,2233,2256,14967.041666666666,3738.0
ablation_no_zero_mask,95,2257,2280,14842.166666666666,3702.0
ablation_no_zero_mask,96,2281,2304,14798.208333333334,3712.0
ablation_no_zero_mask,97,2305,2328,14805.916666666666,3702.0
ablation_no_zero_mask,98,2329,2352,14808.625,3742.0
ablation_no_zero_mask,99,2353,2376,14767.083333333334,3736.0
ablation_no_zero_mask,100,2377,2400,14785.625,3746.0
