instance_id,points,best_epoch,best_occurrence,cb_all,ca_all,cb_last_k,ca_last_k,avg_cycle_time_sec,best_schedule_csv,best_gantt_png,curve_png
P1,100,625,27,5872.0,6177.0,5978.0,6025.2,25.049086349010466,result\round_robin_24cases\per_instance\P1\best_schedule_detail.csv,result\round_robin_24cases\per_instance\P1\best_gantt.png,result\round_robin_24cases\per_instance\P1\curve.png
P2,100,1994,84,8110.0,8561.36,8270.0,8280.4,31.839056680202486,result\round_robin_24cases\per_instance\P2\best_schedule_detail.csv,result\round_robin_24cases\per_instance\P2\best_gantt.png,result\round_robin_24cases\per_instance\P2\curve.png
P3,100,1827,77,5820.0,6384.44,5820.0,5986.6,22.900638642311097,result\round_robin_24cases\per_instance\P3\best_schedule_detail.csv,result\round_robin_24cases\per_instance\P3\best_gantt.png,result\round_robin_24cases\per_instance\P3\curve.png
P4,100,652,28,3655.0,3757.78,3691.0,3700.0,17.960877101421357,result\round_robin_24cases\per_instance\P4\best_schedule_detail.csv,result\round_robin_24cases\per_instance\P4\best_gantt.png,result\round_robin_24cases\per_instance\P4\curve.png
P5,100,221,10,4202.0,4287.16,4202.0,4280.2,19.793841247558593,result\round_robin_24cases\per_instance\P5\best_schedule_detail.csv,result\round_robin_24cases\per_instance\P5\best_gantt.png,result\round_robin_24cases\per_instance\P5\curve.png
P6,100,30,2,3957.0,4105.32,4117.0,4126.4,20.53986492872238,result\round_robin_24cases\per_instance\P6\best_schedule_detail.csv,result\round_robin_24cases\per_instance\P6\best_gantt.png,result\round_robin_24cases\per_instance\P6\curve.png
P7,100,1927,81,5700.0,6070.82,5787.0,6049.0,30.05024128675461,result\round_robin_24cases\per_instance\P7\best_schedule_detail.csv,result\round_robin_24cases\per_instance\P7\best_gantt.png,result\round_robin_24cases\per_instance\P7\curve.png
P8,100,1784,75,5570.0,5839.38,5570.0,5582.0,26.57970915555954,result\round_robin_24cases\per_instance\P8\best_schedule_detail.csv,result\round_robin_24cases\per_instance\P8\best_gantt.png,result\round_robin_24cases\per_instance\P8\curve.png
P9,100,1737,73,5290.0,5618.22,5310.0,5328.2,25.158933022022246,result\round_robin_24cases\per_instance\P9\best_schedule_detail.csv,result\round_robin_24cases\per_instance\P9\best_gantt.png,result\round_robin_24cases\per_instance\P9\curve.png
P10,100,778,33,5458.0,5689.6,5650.0,5656.0,15.995930030345917,result\round_robin_24cases\per_instance\P10\best_schedule_detail.csv,result\round_robin_24cases\per_instance\P10\best_gantt.png,result\round_robin_24cases\per_instance\P10\curve.png
P11,100,83,4,11372.0,11428.93,11389.0,11389.0,30.80586936712265,result\round_robin_24cases\per_instance\P11\best_schedule_detail.csv,result\round_robin_24cases\per_instance\P11\best_gantt.png,result\round_robin_24cases\per_instance\P11\curve.png
P12,100,300,13,11842.0,12170.42,11875.0,12005.8,36.992970185279844,result\round_robin_24cases\per_instance\P12\best_schedule_detail.csv,result\round_robin_24cases\per_instance\P12\best_gantt.png,result\round_robin_24cases\per_instance\P12\curve.png
P13,100,613,26,19375.0,19957.08,19545.0,19777.6,87.07321583986283,result\round_robin_24cases\per_instance\P13\best_schedule_detail.csv,result\round_robin_24cases\per_instance\P13\best_gantt.png,result\round_robin_24cases\per_instance\P13\curve.png
P14,100,1046,44,21611.0,22114.38,21663.0,21857.6,87.79565506696702,result\round_robin_24cases\per_instance\P14\best_schedule_detail.csv,result\round_robin_24cases\per_instance\P14\best_gantt.png,result\round_robin_24cases\per_instance\P14\curve.png
P15,100,1359,57,19840.0,20456.99,20094.0,20245.2,90.67596824407578,result\round_robin_24cases\per_instance\P15\best_schedule_detail.csv,result\round_robin_24cases\per_instance\P15\best_gantt.png,result\round_robin_24cases\per_instance\P15\curve.png
P16,100,640,27,20439.0,20892.28,20496.0,20719.8,111.16053316354751,result\round_robin_24cases\per_instance\P16\best_schedule_detail.csv,result\round_robin_24cases\per_instance\P16\best_gantt.png,result\round_robin_24cases\per_instance\P16\curve.png
P17,100,1241,52,20626.0,21489.69,21065.0,21317.2,112.14289655685425,result\round_robin_24cases\per_instance\P17\best_schedule_detail.csv,result\round_robin_24cases\per_instance\P17\best_gantt.png,result\round_robin_24cases\per_instance\P17\curve.png
P18,100,930,39,20176.0,20771.43,20430.0,20478.0,103.79456503868103,result\round_robin_24cases\per_instance\P18\best_schedule_detail.csv,result\round_robin_24cases\per_instance\P18\best_gantt.png,result\round_robin_24cases\per_instance\P18\curve.png
P19,100,1195,50,22915.0,23886.53,23701.0,23777.4,106.99504153251648,result\round_robin_24cases\per_instance\P19\best_schedule_detail.csv,result\round_robin_24cases\per_instance\P19\best_gantt.png,result\round_robin_24cases\per_instance\P19\curve.png
P20,100,1916,80,22630.0,23272.46,22791.0,22878.8,115.11458589315414,result\round_robin_24cases\per_instance\P20\best_schedule_detail.csv,result\round_robin_24cases\per_instance\P20\best_gantt.png,result\round_robin_24cases\per_instance\P20\curve.png
P21,100,189,8,23628.0,24338.27,23889.0,23997.6,121.78467938184738,result\round_robin_24cases\per_instance\P21\best_schedule_detail.csv,result\round_robin_24cases\per_instance\P21\best_gantt.png,result\round_robin_24cases\per_instance\P21\curve.png
P22,100,382,16,23280.0,23870.07,23524.0,23657.4,119.63235306024552,result\round_robin_24cases\per_instance\P22\best_schedule_detail.csv,result\round_robin_24cases\per_instance\P22\best_gantt.png,result\round_robin_24cases\per_instance\P22\curve.png
P23,100,2399,100,32504.0,34623.43,32504.0,32698.4,157.15564246177672,result\round_robin_24cases\per_instance\P23\best_schedule_detail.csv,result\round_robin_24cases\per_instance\P23\best_gantt.png,result\round_robin_24cases\per_instance\P23\curve.png
P24,100,1272,53,23713.0,24264.2,24008.0,24117.0,107.21364100933074,result\round_robin_24cases\per_instance\P24\best_schedule_detail.csv,result\round_robin_24cases\per_instance\P24\best_gantt.png,result\round_robin_24cases\per_instance\P24\curve.png
