seq,machine,type,op,start,end,duration
1,0,2,0,0.0,87.0,87.0
2,0,3,0,87.0,174.0,87.0
3,0,4,0,174.0,302.0,128.0
4,0,3,0,302.0,389.0,87.0
5,0,2,0,389.0,476.0,87.0
6,0,1,0,476.0,690.0,214.0
7,0,4,0,690.0,818.0,128.0
8,0,2,0,818.0,905.0,87.0
9,0,3,0,905.0,992.0,87.0
10,0,4,0,992.0,1120.0,128.0
11,0,3,0,1120.0,1207.0,87.0
12,0,2,0,1207.0,1294.0,87.0
13,0,0,0,1294.0,1541.0,247.0
14,0,1,0,1541.0,1755.0,214.0
15,0,4,0,1755.0,1883.0,128.0
16,0,3,0,1883.0,1970.0,87.0
17,0,2,0,1970.0,2057.0,87.0
18,0,4,0,2057.0,2185.0,128.0
19,0,2,0,2185.0,2272.0,87.0
20,0,3,0,2272.0,2359.0,87.0
21,0,1,0,2359.0,2573.0,214.0
22,0,4,0,2573.0,2701.0,128.0
23,0,2,0,2701.0,2788.0,87.0
24,0,3,0,2788.0,2875.0,87.0
25,0,4,0,2875.0,3003.0,128.0
26,0,2,0,3003.0,3090.0,87.0
27,0,3,0,3090.0,3177.0,87.0
28,0,4,0,3177.0,3305.0,128.0
29,0,1,0,3305.0,3519.0,214.0
30,0,3,0,3519.0,3606.0,87.0
31,0,2,0,3606.0,3693.0,87.0
32,0,4,0,3693.0,3821.0,128.0
33,0,3,0,3821.0,3908.0,87.0
34,0,2,0,3908.0,3995.0,87.0
35,0,4,0,3995.0,4123.0,128.0
36,0,1,0,4123.0,4337.0,214.0
37,0,2,0,4337.0,4424.0,87.0
38,0,3,0,4424.0,4511.0,87.0
39,0,0,0,4511.0,4758.0,247.0
40,0,4,0,4758.0,4886.0,128.0
41,0,3,0,4886.0,4973.0,87.0
42,0,2,0,4973.0,5060.0,87.0
43,0,4,0,5060.0,5188.0,128.0
44,0,0,0,5188.0,5435.0,247.0
45,0,1,0,5435.0,5649.0,214.0
46,0,2,0,5649.0,5736.0,87.0
47,0,4,0,5736.0,5864.0,128.0
48,0,3,0,5864.0,5951.0,87.0
49,0,2,0,5951.0,6038.0,87.0
50,0,3,0,6038.0,6125.0,87.0
51,0,4,0,6125.0,6253.0,128.0
52,0,1,0,6253.0,6467.0,214.0
53,0,2,0,6467.0,6554.0,87.0
54,0,0,0,6554.0,6801.0,247.0
55,0,4,0,6801.0,6929.0,128.0
56,0,3,0,6929.0,7016.0,87.0
57,0,2,0,7016.0,7103.0,87.0
58,0,4,0,7103.0,7231.0,128.0
59,0,1,0,7231.0,7445.0,214.0
60,0,2,0,7445.0,7532.0,87.0
61,0,3,0,7532.0,7619.0,87.0
62,0,3,0,7619.0,7706.0,87.0
63,0,4,0,7706.0,7834.0,128.0
64,0,2,0,7834.0,7921.0,87.0
65,0,0,0,7921.0,8168.0,247.0
66,0,1,0,8168.0,8382.0,214.0
67,0,4,0,8382.0,8510.0,128.0
68,0,3,0,8510.0,8597.0,87.0
69,0,2,0,8597.0,8684.0,87.0
70,0,4,0,8684.0,8812.0,128.0
71,0,3,0,8812.0,8899.0,87.0
72,0,2,0,8899.0,8986.0,87.0
73,0,3,0,8986.0,9073.0,87.0
74,0,1,0,9073.0,9287.0,214.0
75,0,4,0,9287.0,9415.0,128.0
76,0,2,0,9415.0,9502.0,87.0
77,0,4,0,9502.0,9630.0,128.0
78,0,2,0,9630.0,9717.0,87.0
79,0,3,0,9717.0,9804.0,87.0
80,0,3,0,9804.0,9891.0,87.0
81,0,0,0,9891.0,10138.0,247.0
82,0,1,0,10138.0,10352.0,214.0
83,0,4,0,10352.0,10480.0,128.0
84,0,2,0,10480.0,10567.0,87.0
85,0,3,0,10567.0,10654.0,87.0
86,0,4,0,10654.0,10782.0,128.0
87,0,2,0,10782.0,10869.0,87.0
88,0,3,0,10869.0,10956.0,87.0
89,0,4,0,10956.0,11084.0,128.0
90,0,1,0,11084.0,11298.0,214.0
91,0,2,0,11298.0,11385.0,87.0
92,0,4,0,11385.0,11513.0,128.0
93,0,3,0,11513.0,11600.0,87.0
94,0,2,0,11600.0,11687.0,87.0
95,0,3,0,11687.0,11774.0,87.0
96,0,4,0,11774.0,11902.0,128.0
97,0,1,0,11902.0,12116.0,214.0
98,0,2,0,12116.0,12203.0,87.0
99,0,3,0,12203.0,12290.0,87.0
100,0,4,0,12290.0,12418.0,128.0
101,0,0,0,12418.0,12665.0,247.0
102,0,1,0,12665.0,12879.0,214.0
103,0,2,0,12879.0,12966.0,87.0
104,0,4,0,12966.0,13094.0,128.0
105,0,3,0,13094.0,13181.0,87.0
106,0,2,0,13181.0,13268.0,87.0
107,0,2,0,13268.0,13355.0,87.0
108,0,3,0,13355.0,13442.0,87.0
109,0,4,0,13442.0,13570.0,128.0
110,0,1,0,13570.0,13784.0,214.0
111,0,0,0,13784.0,14031.0,247.0
112,0,4,0,14031.0,14159.0,128.0
113,0,3,0,14159.0,14246.0,87.0
114,0,2,0,14246.0,14333.0,87.0
115,0,4,0,14333.0,14461.0,128.0
116,0,3,0,14461.0,14548.0,87.0
117,0,1,0,14548.0,14762.0,214.0
118,0,2,0,14762.0,14849.0,87.0
119,0,3,0,14849.0,14936.0,87.0
120,0,4,0,14936.0,15064.0,128.0
121,0,2,0,15064.0,15151.0,87.0
122,0,3,0,15151.0,15238.0,87.0
123,0,4,0,15238.0,15366.0,128.0
124,0,1,0,15366.0,15580.0,214.0
125,0,2,0,15580.0,15667.0,87.0
126,0,4,0,15667.0,15795.0,128.0
127,0,3,0,15795.0,15882.0,87.0
128,0,0,0,15882.0,16129.0,247.0
129,0,3,0,16129.0,16216.0,87.0
130,0,2,0,16216.0,16303.0,87.0
131,0,4,0,16303.0,16431.0,128.0
132,0,1,0,16431.0,16645.0,214.0
133,0,2,0,16645.0,16732.0,87.0
134,0,3,0,16732.0,16819.0,87.0
135,0,3,0,16819.0,16906.0,87.0
136,0,4,0,16906.0,17034.0,128.0
137,0,2,0,17034.0,17121.0,87.0
138,0,4,0,17121.0,17249.0,128.0
139,0,0,0,17249.0,17496.0,247.0
140,0,1,0,17496.0,17710.0,214.0
141,0,2,0,17710.0,17797.0,87.0
142,0,3,0,17797.0,17884.0,87.0
143,0,4,0,17884.0,18012.0,128.0
144,0,2,0,18012.0,18099.0,87.0
145,0,0,0,18099.0,18346.0,247.0
146,0,4,0,18346.0,18474.0,128.0
147,0,1,0,18474.0,18688.0,214.0
148,0,2,0,18688.0,18775.0,87.0
149,0,2,0,18775.0,18862.0,87.0
150,0,4,0,18862.0,18990.0,128.0
151,0,4,0,18990.0,19118.0,128.0
152,1,8,0,0.0,150.0,150.0
153,1,5,0,150.0,295.0,145.0
154,1,6,0,295.0,452.0,157.0
155,1,4,2,452.0,552.0,100.0
156,1,8,0,552.0,702.0,150.0
157,1,1,1,702.0,768.0,66.0
158,1,5,0,768.0,913.0,145.0
159,1,4,2,913.0,1013.0,100.0
160,1,5,0,1013.0,1158.0,145.0
161,1,8,0,1158.0,1308.0,150.0
162,1,8,0,1308.0,1458.0,150.0
163,1,4,2,1458.0,1558.0,100.0
164,1,0,1,1558.0,1688.0,130.0
165,1,6,0,1688.0,1845.0,157.0
166,1,1,1,1845.0,1911.0,66.0
167,1,5,0,1911.0,2056.0,145.0
168,1,4,2,2056.0,2156.0,100.0
169,1,8,0,2156.0,2306.0,150.0
170,1,5,0,2306.0,2451.0,145.0
171,1,4,2,2451.0,2551.0,100.0
172,1,0,1,2551.0,2681.0,130.0
173,1,1,1,2681.0,2747.0,66.0
174,1,5,0,2747.0,2892.0,145.0
175,1,4,2,2892.0,2992.0,100.0
176,1,8,0,2992.0,3142.0,150.0
177,1,0,1,3142.0,3272.0,130.0
178,1,6,0,3272.0,3429.0,157.0
179,1,4,2,3429.0,3529.0,100.0
180,1,5,0,3529.0,3674.0,145.0
181,1,1,1,3674.0,3740.0,66.0
182,1,5,0,3740.0,3885.0,145.0
183,1,8,0,3885.0,4035.0,150.0
184,1,4,2,4035.0,4135.0,100.0
185,1,8,0,4135.0,4285.0,150.0
186,1,5,0,4285.0,4430.0,145.0
187,1,4,2,4430.0,4530.0,100.0
188,1,6,0,4530.0,4687.0,157.0
189,1,1,1,4687.0,4753.0,66.0
190,1,8,0,4753.0,4903.0,150.0
191,1,4,2,4903.0,5003.0,100.0
192,1,5,0,5003.0,5148.0,145.0
193,1,8,0,5148.0,5298.0,150.0
194,1,4,2,5298.0,5398.0,100.0
195,1,5,0,5398.0,5543.0,145.0
196,1,5,0,5543.0,5688.0,145.0
197,1,1,1,5688.0,5754.0,66.0
198,1,0,1,5754.0,5884.0,130.0
199,1,4,2,5884.0,5984.0,100.0
200,1,6,0,5984.0,6141.0,157.0
201,1,8,0,6141.0,6291.0,150.0
202,1,4,2,6291.0,6391.0,100.0
203,1,0,1,6391.0,6521.0,130.0
204,1,1,1,6521.0,6587.0,66.0
205,1,5,0,6587.0,6732.0,145.0
206,1,8,0,6732.0,6882.0,150.0
207,1,4,2,6882.0,6982.0,100.0
208,1,5,0,6982.0,7127.0,145.0
209,1,8,0,7127.0,7277.0,150.0
210,1,4,2,7277.0,7377.0,100.0
211,1,6,0,7377.0,7534.0,157.0
212,1,1,1,7534.0,7600.0,66.0
213,1,5,0,7600.0,7745.0,145.0
214,1,4,2,7745.0,7845.0,100.0
215,1,0,1,7845.0,7975.0,130.0
216,1,8,0,7975.0,8125.0,150.0
217,1,4,2,8125.0,8225.0,100.0
218,1,5,0,8225.0,8370.0,145.0
219,1,0,1,8370.0,8500.0,130.0
220,1,5,0,8500.0,8645.0,145.0
221,1,1,1,8645.0,8711.0,66.0
222,1,8,0,8711.0,8861.0,150.0
223,1,4,2,8861.0,8961.0,100.0
224,1,6,0,8961.0,9118.0,157.0
225,1,4,2,9118.0,9218.0,100.0
226,1,5,0,9218.0,9363.0,145.0
227,1,8,0,9363.0,9513.0,150.0
228,1,1,1,9513.0,9579.0,66.0
229,1,0,1,9579.0,9709.0,130.0
230,1,4,2,9709.0,9809.0,100.0
231,1,5,0,9809.0,9954.0,145.0
232,1,8,0,9954.0,10104.0,150.0
233,1,4,2,10104.0,10204.0,100.0
234,1,6,0,10204.0,10361.0,157.0
235,1,5,0,10361.0,10506.0,145.0
236,1,1,1,10506.0,10572.0,66.0
237,1,4,2,10572.0,10672.0,100.0
238,1,8,0,10672.0,10822.0,150.0
239,1,5,0,10822.0,10967.0,145.0
240,1,0,1,10967.0,11097.0,130.0
241,1,8,0,11097.0,11247.0,150.0
242,1,4,2,11247.0,11347.0,100.0
243,1,5,0,11347.0,11492.0,145.0
244,1,1,1,11492.0,11558.0,66.0
245,1,6,0,11558.0,11715.0,157.0
246,1,4,2,11715.0,11815.0,100.0
247,1,8,0,11815.0,11965.0,150.0
248,1,5,0,11965.0,12110.0,145.0
249,1,0,1,12110.0,12240.0,130.0
250,1,4,2,12240.0,12340.0,100.0
251,1,5,0,12340.0,12485.0,145.0
252,1,0,1,12485.0,12615.0,130.0
253,1,8,0,12615.0,12765.0,150.0
254,1,4,2,12765.0,12865.0,100.0
255,1,1,1,12865.0,12931.0,66.0
256,1,5,0,12931.0,13076.0,145.0
257,1,4,2,13076.0,13176.0,100.0
258,1,6,0,13176.0,13333.0,157.0
259,1,8,0,13333.0,13483.0,150.0
260,1,8,0,13483.0,13633.0,150.0
261,1,5,0,13633.0,13778.0,145.0
262,1,4,2,13778.0,13878.0,100.0
263,1,1,1,13878.0,13944.0,66.0
264,1,0,1,13944.0,14074.0,130.0
265,1,5,0,14074.0,14219.0,145.0
266,1,4,2,14219.0,14319.0,100.0
267,1,0,1,14319.0,14449.0,130.0
268,1,8,0,14449.0,14599.0,150.0
269,1,4,2,14599.0,14699.0,100.0
270,1,6,0,14699.0,14856.0,157.0
271,1,1,1,14856.0,14922.0,66.0
272,1,5,0,14922.0,15067.0,145.0
273,1,4,2,15067.0,15167.0,100.0
274,1,8,0,15167.0,15317.0,150.0
275,1,5,0,15317.0,15462.0,145.0
276,1,0,1,15462.0,15592.0,130.0
277,1,8,0,15592.0,15742.0,150.0
278,1,4,2,15742.0,15842.0,100.0
279,1,1,1,15842.0,15908.0,66.0
280,1,0,1,15908.0,16038.0,130.0
281,1,5,0,16038.0,16183.0,145.0
282,1,6,0,16183.0,16340.0,157.0
283,1,4,2,16340.0,16440.0,100.0
284,1,5,0,16440.0,16585.0,145.0
285,1,8,0,16585.0,16735.0,150.0
286,1,1,1,16735.0,16801.0,66.0
287,1,4,2,16801.0,16901.0,100.0
288,1,5,0,16901.0,17046.0,145.0
289,1,8,0,17046.0,17196.0,150.0
290,1,4,2,17196.0,17296.0,100.0
291,1,0,1,17296.0,17426.0,130.0
292,1,5,0,17426.0,17571.0,145.0
293,1,6,0,17571.0,17728.0,157.0
294,1,4,2,17728.0,17828.0,100.0
295,1,1,1,17828.0,17894.0,66.0
296,1,8,0,17894.0,18044.0,150.0
297,1,5,0,18044.0,18189.0,145.0
298,1,4,2,18189.0,18289.0,100.0
299,1,8,0,18289.0,18439.0,150.0
300,1,4,2,18439.0,18539.0,100.0
301,1,5,0,18539.0,18684.0,145.0
302,1,0,1,18684.0,18814.0,130.0
303,1,1,1,18814.0,18880.0,66.0
304,1,6,0,18880.0,19037.0,157.0
305,1,8,0,19037.0,19187.0,150.0
306,1,5,0,19187.0,19332.0,145.0
307,1,4,2,19332.0,19432.0,100.0
308,1,4,2,19432.0,19532.0,100.0
309,1,8,0,19532.0,19682.0,150.0
310,1,5,0,19682.0,19827.0,145.0
311,1,1,1,19827.0,19893.0,66.0
312,1,4,2,19893.0,19993.0,100.0
313,1,5,0,19993.0,20138.0,145.0
314,1,0,1,20138.0,20268.0,130.0
315,2,0,0,0.0,100.0,100.0
316,2,0,0,100.0,200.0,100.0
317,2,8,1,200.0,380.0,180.0
318,2,5,1,380.0,503.0,123.0
319,2,6,1,503.0,627.0,124.0
320,2,7,0,627.0,884.0,257.0
321,2,8,1,884.0,1064.0,180.0
322,2,5,1,1064.0,1187.0,123.0
323,2,5,1,1187.0,1310.0,123.0
324,2,0,0,1310.0,1410.0,100.0
325,2,8,1,1410.0,1590.0,180.0
326,2,3,1,1590.0,1840.0,250.0
327,2,0,0,1840.0,1940.0,100.0
328,2,6,1,1940.0,2064.0,124.0
329,2,5,1,2064.0,2187.0,123.0
330,2,8,1,2187.0,2367.0,180.0
331,2,0,0,2367.0,2467.0,100.0
332,2,5,1,2467.0,2590.0,123.0
333,2,8,1,2590.0,2770.0,180.0
334,2,0,0,2770.0,2870.0,100.0
335,2,7,0,2870.0,3127.0,257.0
336,2,5,1,3127.0,3250.0,123.0
337,2,0,0,3250.0,3350.0,100.0
338,2,8,1,3350.0,3530.0,180.0
339,2,6,1,3530.0,3654.0,124.0
340,2,0,0,3654.0,3754.0,100.0
341,2,5,1,3754.0,3877.0,123.0
342,2,0,0,3877.0,3977.0,100.0
343,2,5,1,3977.0,4100.0,123.0
344,2,8,1,4100.0,4280.0,180.0
345,2,7,0,4280.0,4537.0,257.0
346,2,5,1,4537.0,4660.0,123.0
347,2,3,1,4660.0,4910.0,250.0
348,2,8,1,4910.0,5090.0,180.0
349,2,6,1,5090.0,5214.0,124.0
350,2,5,1,5214.0,5337.0,123.0
351,2,8,1,5337.0,5517.0,180.0
352,2,0,0,5517.0,5617.0,100.0
353,2,5,1,5617.0,5740.0,123.0
354,2,8,1,5740.0,5920.0,180.0
355,2,5,1,5920.0,6043.0,123.0
356,2,0,0,6043.0,6143.0,100.0
357,2,3,1,6143.0,6393.0,250.0
358,2,6,1,6393.0,6517.0,124.0
359,2,8,1,6517.0,6697.0,180.0
360,2,7,0,6697.0,6954.0,257.0
361,2,5,1,6954.0,7077.0,123.0
362,2,0,0,7077.0,7177.0,100.0
363,2,5,1,7177.0,7300.0,123.0
364,2,8,1,7300.0,7480.0,180.0
365,2,0,0,7480.0,7580.0,100.0
366,2,6,1,7580.0,7704.0,124.0
367,2,8,1,7704.0,7884.0,180.0
368,2,5,1,7884.0,8007.0,123.0
369,2,7,0,8007.0,8264.0,257.0
370,2,0,0,8264.0,8364.0,100.0
371,2,8,1,8364.0,8544.0,180.0
372,2,5,1,8544.0,8667.0,123.0
373,2,5,1,8667.0,8790.0,123.0
374,2,0,0,8790.0,8890.0,100.0
375,2,8,1,8890.0,9070.0,180.0
376,2,0,0,9070.0,9170.0,100.0
377,2,6,1,9170.0,9294.0,124.0
378,2,0,0,9294.0,9394.0,100.0
379,2,5,1,9394.0,9517.0,123.0
380,2,7,0,9517.0,9774.0,257.0
381,2,8,1,9774.0,9954.0,180.0
382,2,5,1,9954.0,10077.0,123.0
383,2,0,0,10077.0,10177.0,100.0
384,2,8,1,10177.0,10357.0,180.0
385,2,0,0,10357.0,10457.0,100.0
386,2,6,1,10457.0,10581.0,124.0
387,2,5,1,10581.0,10704.0,123.0
388,2,7,0,10704.0,10961.0,257.0
389,2,8,1,10961.0,11141.0,180.0
390,2,5,1,11141.0,11264.0,123.0
391,2,0,0,11264.0,11364.0,100.0
392,2,8,1,11364.0,11544.0,180.0
393,2,5,1,11544.0,11667.0,123.0
394,2,0,0,11667.0,11767.0,100.0
395,2,6,1,11767.0,11891.0,124.0
396,2,0,0,11891.0,11991.0,100.0
397,2,8,1,11991.0,12171.0,180.0
398,2,5,1,12171.0,12294.0,123.0
399,2,7,0,12294.0,12551.0,257.0
400,2,5,1,12551.0,12674.0,123.0
401,2,0,0,12674.0,12774.0,100.0
402,2,8,1,12774.0,12954.0,180.0
403,2,0,0,12954.0,13054.0,100.0
404,2,7,0,13054.0,13311.0,257.0
405,2,5,1,13311.0,13434.0,123.0
406,2,6,1,13434.0,13558.0,124.0
407,2,8,1,13558.0,13738.0,180.0
408,2,8,1,13738.0,13918.0,180.0
409,2,5,1,13918.0,14041.0,123.0
410,2,0,0,14041.0,14141.0,100.0
411,2,7,0,14141.0,14398.0,257.0
412,2,5,1,14398.0,14521.0,123.0
413,2,0,0,14521.0,14621.0,100.0
414,2,8,1,14621.0,14801.0,180.0
415,2,0,0,14801.0,14901.0,100.0
416,2,6,1,14901.0,15025.0,124.0
417,2,0,0,15025.0,15125.0,100.0
418,2,5,1,15125.0,15248.0,123.0
419,2,7,0,15248.0,15505.0,257.0
420,2,5,1,15505.0,15628.0,123.0
421,2,8,1,15628.0,15808.0,180.0
422,2,8,1,15808.0,15988.0,180.0
423,2,0,0,15988.0,16088.0,100.0
424,2,3,1,16088.0,16338.0,250.0
425,2,5,1,16338.0,16461.0,123.0
426,2,6,1,16461.0,16585.0,124.0
427,2,5,1,16585.0,16708.0,123.0
428,2,0,0,16708.0,16808.0,100.0
429,2,8,1,16808.0,16988.0,180.0
430,2,7,0,16988.0,17245.0,257.0
431,2,5,1,17245.0,17368.0,123.0
432,2,8,1,17368.0,17548.0,180.0
433,2,0,0,17548.0,17648.0,100.0
434,2,5,1,17648.0,17771.0,123.0
435,2,6,1,17771.0,17895.0,124.0
436,2,7,0,17895.0,18152.0,257.0
437,2,8,1,18152.0,18332.0,180.0
438,2,5,1,18332.0,18455.0,123.0
439,2,8,1,18455.0,18635.0,180.0
440,2,0,0,18635.0,18735.0,100.0
441,2,5,1,18735.0,18858.0,123.0
442,2,0,0,18858.0,18958.0,100.0
443,2,3,1,18958.0,19208.0,250.0
444,2,6,1,19208.0,19332.0,124.0
445,2,5,1,19332.0,19455.0,123.0
446,2,8,1,19455.0,19635.0,180.0
447,2,8,1,19682.0,19862.0,180.0
448,2,5,1,19862.0,19985.0,123.0
449,2,5,1,20138.0,20261.0,123.0
450,3,7,0,0.0,245.0,245.0
451,3,2,1,245.0,350.0,105.0
452,3,0,2,350.0,500.0,150.0
453,3,3,2,500.0,645.0,145.0
454,3,0,2,645.0,795.0,150.0
455,3,3,2,795.0,940.0,145.0
456,3,2,1,940.0,1045.0,105.0
457,3,2,1,1045.0,1150.0,105.0
458,3,7,0,1150.0,1395.0,245.0
459,3,2,1,1395.0,1500.0,105.0
460,3,7,0,1500.0,1745.0,245.0
461,3,0,2,1745.0,1895.0,150.0
462,3,3,2,1895.0,2040.0,145.0
463,3,0,2,2040.0,2190.0,150.0
464,3,3,2,2190.0,2335.0,145.0
465,3,0,2,2335.0,2485.0,150.0
466,3,2,1,2485.0,2590.0,105.0
467,3,3,2,2590.0,2735.0,145.0
468,3,0,2,2735.0,2885.0,150.0
469,3,2,1,2885.0,2990.0,105.0
470,3,3,2,2990.0,3135.0,145.0
471,3,2,1,3135.0,3240.0,105.0
472,3,2,1,3240.0,3345.0,105.0
473,3,0,2,3345.0,3495.0,150.0
474,3,7,0,3495.0,3740.0,245.0
475,3,3,2,3740.0,3885.0,145.0
476,3,0,2,3885.0,4035.0,150.0
477,3,3,2,4035.0,4180.0,145.0
478,3,0,2,4180.0,4330.0,150.0
479,3,2,1,4330.0,4435.0,105.0
480,3,2,1,4435.0,4540.0,105.0
481,3,7,0,4540.0,4785.0,245.0
482,3,0,2,4785.0,4935.0,150.0
483,3,3,2,4935.0,5080.0,145.0
484,3,3,2,5080.0,5225.0,145.0
485,3,0,2,5225.0,5375.0,150.0
486,3,2,1,5375.0,5480.0,105.0
487,3,3,2,5480.0,5625.0,145.0
488,3,0,2,5625.0,5775.0,150.0
489,3,2,1,5775.0,5880.0,105.0
490,3,7,0,5880.0,6125.0,245.0
491,3,0,2,6125.0,6275.0,150.0
492,3,2,1,6275.0,6380.0,105.0
493,3,2,1,6380.0,6485.0,105.0
494,3,3,2,6485.0,6630.0,145.0
495,3,0,2,6630.0,6780.0,150.0
496,3,3,2,6780.0,6925.0,145.0
497,3,3,2,6925.0,7070.0,145.0
498,3,0,2,7070.0,7220.0,150.0
499,3,2,1,7220.0,7325.0,105.0
500,3,7,0,7325.0,7570.0,245.0
501,3,0,2,7570.0,7720.0,150.0
502,3,3,2,7720.0,7865.0,145.0
503,3,2,1,7865.0,7970.0,105.0
504,3,3,2,7970.0,8115.0,145.0
505,3,0,2,8115.0,8265.0,150.0
506,3,2,1,8265.0,8370.0,105.0
507,3,2,1,8370.0,8475.0,105.0
508,3,7,0,8475.0,8720.0,245.0
509,3,0,2,8720.0,8870.0,150.0
510,3,0,2,8870.0,9020.0,150.0
511,3,3,2,9020.0,9165.0,145.0
512,3,2,1,9165.0,9270.0,105.0
513,3,3,2,9270.0,9415.0,145.0
514,3,0,2,9415.0,9565.0,150.0
515,3,3,2,9565.0,9710.0,145.0
516,3,0,2,9710.0,9860.0,150.0
517,3,2,1,9860.0,9965.0,105.0
518,3,2,1,9965.0,10070.0,105.0
519,3,7,0,10070.0,10315.0,245.0
520,3,0,2,10315.0,10465.0,150.0
521,3,2,1,10465.0,10570.0,105.0
522,3,3,2,10570.0,10715.0,145.0
523,3,0,2,10715.0,10865.0,150.0
524,3,3,2,10865.0,11010.0,145.0
525,3,2,1,11010.0,11115.0,105.0
526,3,0,2,11115.0,11265.0,150.0
527,3,2,1,11265.0,11370.0,105.0
528,3,3,2,11370.0,11515.0,145.0
529,3,0,2,11515.0,11665.0,150.0
530,3,7,0,11665.0,11910.0,245.0
531,3,3,2,11910.0,12055.0,145.0
532,3,2,1,12055.0,12160.0,105.0
533,3,2,1,12160.0,12265.0,105.0
534,3,0,2,12265.0,12415.0,150.0
535,3,3,2,12415.0,12560.0,145.0
536,3,7,0,12560.0,12805.0,245.0
537,3,0,2,12805.0,12955.0,150.0
538,3,0,2,12955.0,13105.0,150.0
539,3,3,2,13105.0,13250.0,145.0
540,3,3,2,13250.0,13395.0,145.0
541,3,2,1,13395.0,13500.0,105.0
542,3,0,2,13500.0,13650.0,150.0
543,3,3,2,13650.0,13795.0,145.0
544,3,2,1,13795.0,13900.0,105.0
545,3,2,1,13900.0,14005.0,105.0
546,3,3,2,14005.0,14150.0,145.0
547,3,0,2,14150.0,14300.0,150.0
548,3,3,2,14300.0,14445.0,145.0
549,3,2,1,14445.0,14550.0,105.0
550,3,0,2,14550.0,14700.0,150.0
551,3,2,1,14700.0,14805.0,105.0
552,3,7,0,14805.0,15050.0,245.0
553,3,3,2,15050.0,15195.0,145.0
554,3,0,2,15195.0,15345.0,150.0
555,3,2,1,15345.0,15450.0,105.0
556,3,3,2,15450.0,15595.0,145.0
557,3,0,2,15595.0,15745.0,150.0
558,3,2,1,15745.0,15850.0,105.0
559,3,2,1,15850.0,15955.0,105.0
560,3,7,0,15955.0,16200.0,245.0
561,3,0,2,16200.0,16350.0,150.0
562,3,3,2,16350.0,16495.0,145.0
563,3,0,2,16495.0,16645.0,150.0
564,3,3,2,16645.0,16790.0,145.0
565,3,0,2,16790.0,16940.0,150.0
566,3,2,1,16940.0,17045.0,105.0
567,3,3,2,17045.0,17190.0,145.0
568,3,2,1,17190.0,17295.0,105.0
569,3,3,2,17295.0,17440.0,145.0
570,3,0,2,17440.0,17590.0,150.0
571,3,0,2,17590.0,17740.0,150.0
572,3,2,1,17740.0,17845.0,105.0
573,3,3,2,17845.0,17990.0,145.0
574,3,2,1,17990.0,18095.0,105.0
575,3,0,2,18095.0,18245.0,150.0
576,3,7,0,18245.0,18490.0,245.0
577,3,2,1,18490.0,18595.0,105.0
578,3,2,1,18775.0,18880.0,105.0
579,3,0,2,18880.0,19030.0,150.0
580,3,0,2,19030.0,19180.0,150.0
581,3,3,2,19180.0,19325.0,145.0
582,3,3,2,19325.0,19470.0,145.0
583,3,0,2,19470.0,19620.0,150.0
584,3,2,1,19620.0,19725.0,105.0
585,3,0,2,19921.0,20071.0,150.0
586,3,0,2,20268.0,20418.0,150.0
587,4,3,1,174.0,347.0,173.0
588,4,4,1,347.0,394.0,47.0
589,4,2,2,394.0,494.0,100.0
590,4,3,1,494.0,667.0,173.0
591,4,5,2,667.0,787.0,120.0
592,4,4,1,818.0,865.0,47.0
593,4,6,3,865.0,1005.0,140.0
594,4,1,3,1005.0,1125.0,120.0
595,4,2,2,1125.0,1225.0,100.0
596,4,2,2,1225.0,1325.0,100.0
597,4,4,1,1325.0,1372.0,47.0
598,4,3,1,1372.0,1545.0,173.0
599,4,2,2,1545.0,1645.0,100.0
600,4,5,2,1645.0,1765.0,120.0
601,4,4,1,1883.0,1930.0,47.0
602,4,3,1,1970.0,2143.0,173.0
603,4,1,3,2143.0,2263.0,120.0
604,4,4,1,2263.0,2310.0,47.0
605,4,5,2,2310.0,2430.0,120.0
606,4,3,1,2430.0,2603.0,173.0
607,4,2,2,2603.0,2703.0,100.0
608,4,4,1,2703.0,2750.0,47.0
609,4,6,3,2750.0,2890.0,140.0
610,4,5,2,2890.0,3010.0,120.0
611,4,2,2,3010.0,3110.0,100.0
612,4,1,3,3110.0,3230.0,120.0
613,4,4,1,3230.0,3277.0,47.0
614,4,2,2,3277.0,3377.0,100.0
615,4,5,2,3377.0,3497.0,120.0
616,4,3,1,3497.0,3670.0,173.0
617,4,2,2,3670.0,3770.0,100.0
618,4,4,1,3770.0,3817.0,47.0
619,4,3,1,3817.0,3990.0,173.0
620,4,5,2,3990.0,4110.0,120.0
621,4,1,3,4110.0,4230.0,120.0
622,4,6,3,4230.0,4370.0,140.0
623,4,4,1,4370.0,4417.0,47.0
624,4,5,2,4417.0,4537.0,120.0
625,4,2,2,4537.0,4637.0,100.0
626,4,2,2,4637.0,4737.0,100.0
627,4,4,1,4737.0,4784.0,47.0
628,4,5,2,4784.0,4904.0,120.0
629,4,3,1,4904.0,5077.0,173.0
630,4,1,3,5077.0,5197.0,120.0
631,4,4,1,5197.0,5244.0,47.0
632,4,3,1,5244.0,5417.0,173.0
633,4,5,2,5417.0,5537.0,120.0
634,4,2,2,5537.0,5637.0,100.0
635,4,6,3,5637.0,5777.0,140.0
636,4,4,1,5777.0,5824.0,47.0
637,4,5,2,5824.0,5944.0,120.0
638,4,2,2,5944.0,6044.0,100.0
639,4,1,3,6044.0,6164.0,120.0
640,4,4,1,6164.0,6211.0,47.0
641,4,5,2,6211.0,6331.0,120.0
642,4,3,1,6331.0,6504.0,173.0
643,4,2,2,6504.0,6604.0,100.0
644,4,2,2,6604.0,6704.0,100.0
645,4,4,1,6704.0,6751.0,47.0
646,4,3,1,6751.0,6924.0,173.0
647,4,6,3,6924.0,7064.0,140.0
648,4,1,3,7064.0,7184.0,120.0
649,4,4,1,7184.0,7231.0,47.0
650,4,4,1,7231.0,7278.0,47.0
651,4,3,1,7278.0,7451.0,173.0
652,4,2,2,7451.0,7551.0,100.0
653,4,5,2,7551.0,7671.0,120.0
654,4,3,1,7671.0,7844.0,173.0
655,4,4,1,7844.0,7891.0,47.0
656,4,1,3,7891.0,8011.0,120.0
657,4,2,2,8011.0,8111.0,100.0
658,4,5,2,8111.0,8231.0,120.0
659,4,6,3,8231.0,8371.0,140.0
660,4,2,2,8371.0,8471.0,100.0
661,4,3,1,8471.0,8644.0,173.0
662,4,2,2,8644.0,8744.0,100.0
663,4,4,1,8744.0,8791.0,47.0
664,4,5,2,8791.0,8911.0,120.0
665,4,4,1,8911.0,8958.0,47.0
666,4,1,3,8958.0,9078.0,120.0
667,4,3,1,9078.0,9251.0,173.0
668,4,3,1,9251.0,9424.0,173.0
669,4,2,2,9424.0,9524.0,100.0
670,4,5,2,9524.0,9644.0,120.0
671,4,4,1,9644.0,9691.0,47.0
672,4,6,3,9691.0,9831.0,140.0
673,4,4,1,9831.0,9878.0,47.0
674,4,1,3,9878.0,9998.0,120.0
675,4,2,2,9998.0,10098.0,100.0
676,4,2,2,10098.0,10198.0,100.0
677,4,5,2,10198.0,10318.0,120.0
678,4,3,1,10318.0,10491.0,173.0
679,4,4,1,10491.0,10538.0,47.0
680,4,3,1,10538.0,10711.0,173.0
681,4,2,2,10711.0,10811.0,100.0
682,4,5,2,10811.0,10931.0,120.0
683,4,1,3,10931.0,11051.0,120.0
684,4,4,1,11051.0,11098.0,47.0
685,4,3,1,11098.0,11271.0,173.0
686,4,2,2,11271.0,11371.0,100.0
687,4,6,3,11371.0,11511.0,140.0
688,4,2,2,11511.0,11611.0,100.0
689,4,4,1,11611.0,11658.0,47.0
690,4,3,1,11658.0,11831.0,173.0
691,4,5,2,11831.0,11951.0,120.0
692,4,1,3,11951.0,12071.0,120.0
693,4,4,1,12071.0,12118.0,47.0
694,4,3,1,12118.0,12291.0,173.0
695,4,2,2,12291.0,12391.0,100.0
696,4,2,2,12391.0,12491.0,100.0
697,4,4,1,12491.0,12538.0,47.0
698,4,6,3,12538.0,12678.0,140.0
699,4,5,2,12678.0,12798.0,120.0
700,4,3,1,12798.0,12971.0,173.0
701,4,4,1,12971.0,13018.0,47.0
702,4,3,1,13018.0,13191.0,173.0
703,4,1,3,13191.0,13311.0,120.0
704,4,4,1,13311.0,13358.0,47.0
705,4,3,1,13358.0,13531.0,173.0
706,4,2,2,13531.0,13631.0,100.0
707,4,4,1,13631.0,13678.0,47.0
708,4,3,1,13678.0,13851.0,173.0
709,4,3,1,13851.0,14024.0,173.0
710,4,2,2,14024.0,14124.0,100.0
711,4,2,2,14124.0,14224.0,100.0
712,4,1,3,14224.0,14344.0,120.0
713,4,6,3,14344.0,14484.0,140.0
714,4,4,1,14484.0,14531.0,47.0
715,4,5,2,14531.0,14651.0,120.0
716,4,2,2,14651.0,14751.0,100.0
717,4,4,1,14751.0,14798.0,47.0
718,4,3,1,14798.0,14971.0,173.0
719,4,2,2,14971.0,15071.0,100.0
720,4,1,3,15071.0,15191.0,120.0
721,4,4,1,15191.0,15238.0,47.0
722,4,3,1,15238.0,15411.0,173.0
723,4,6,3,15411.0,15551.0,140.0
724,4,2,2,15551.0,15651.0,100.0
725,4,5,2,15651.0,15771.0,120.0
726,4,4,1,15771.0,15818.0,47.0
727,4,4,1,15818.0,15865.0,47.0
728,4,2,2,15865.0,15965.0,100.0
729,4,2,2,15965.0,16065.0,100.0
730,4,1,3,16065.0,16185.0,120.0
731,4,3,1,16185.0,16358.0,173.0
732,4,3,1,16358.0,16531.0,173.0
733,4,5,2,16531.0,16651.0,120.0
734,4,4,1,16651.0,16698.0,47.0
735,4,3,1,16698.0,16871.0,173.0
736,4,5,2,16871.0,16991.0,120.0
737,4,6,3,16991.0,17131.0,140.0
738,4,2,2,17131.0,17231.0,100.0
739,4,1,3,17231.0,17351.0,120.0
740,4,2,2,17351.0,17451.0,100.0
741,4,5,2,17451.0,17571.0,120.0
742,4,4,1,17571.0,17618.0,47.0
743,4,4,1,17618.0,17665.0,47.0
744,4,3,1,17665.0,17838.0,173.0
745,4,5,2,17838.0,17958.0,120.0
746,4,2,2,17958.0,18058.0,100.0
747,4,4,1,18058.0,18105.0,47.0
748,4,1,3,18105.0,18225.0,120.0
749,4,2,2,18225.0,18325.0,100.0
750,4,6,3,18325.0,18465.0,140.0
751,4,5,2,18465.0,18585.0,120.0
752,4,4,1,18585.0,18632.0,47.0
753,4,2,2,18632.0,18732.0,100.0
754,4,3,1,18732.0,18905.0,173.0
755,4,5,2,18905.0,19025.0,120.0
756,4,2,2,19025.0,19125.0,100.0
757,4,1,3,19125.0,19245.0,120.0
758,4,4,1,19245.0,19292.0,47.0
759,4,4,1,19292.0,19339.0,47.0
760,4,5,2,19455.0,19575.0,120.0
761,4,6,3,19575.0,19715.0,140.0
762,4,2,2,19725.0,19825.0,100.0
763,4,5,2,19985.0,20105.0,120.0
764,4,1,3,20105.0,20225.0,120.0
765,4,5,2,20261.0,20381.0,120.0
766,5,7,1,245.0,469.0,224.0
767,5,8,3,469.0,619.0,150.0
768,5,4,3,619.0,784.0,165.0
769,5,1,2,784.0,879.0,95.0
770,5,3,3,879.0,1049.0,170.0
771,5,7,1,1049.0,1273.0,224.0
772,5,8,3,1273.0,1423.0,150.0
773,5,7,1,1423.0,1647.0,224.0
774,5,3,3,1647.0,1817.0,170.0
775,5,7,1,1817.0,2041.0,224.0
776,5,8,3,2041.0,2191.0,150.0
777,5,3,3,2191.0,2361.0,170.0
778,5,3,3,2361.0,2531.0,170.0
779,5,4,3,2551.0,2716.0,165.0
780,5,8,3,2716.0,2866.0,150.0
781,5,3,3,2866.0,3036.0,170.0
782,5,8,3,3047.0,3197.0,150.0
783,5,7,1,3197.0,3421.0,224.0
784,5,3,3,3421.0,3591.0,170.0
785,5,4,3,3591.0,3756.0,165.0
786,5,1,2,3756.0,3851.0,95.0
787,5,7,1,3851.0,4075.0,224.0
788,5,8,3,4075.0,4225.0,150.0
789,5,3,3,4225.0,4395.0,170.0
790,5,8,3,4395.0,4545.0,150.0
791,5,7,1,4545.0,4769.0,224.0
792,5,1,2,4769.0,4864.0,95.0
793,5,3,3,4864.0,5034.0,170.0
794,5,7,1,5034.0,5258.0,224.0
795,5,3,3,5258.0,5428.0,170.0
796,5,8,3,5428.0,5578.0,150.0
797,5,3,3,5578.0,5748.0,170.0
798,5,8,3,5748.0,5898.0,150.0
799,5,3,3,5898.0,6068.0,170.0
800,5,7,1,6125.0,6349.0,224.0
801,5,8,3,6349.0,6499.0,150.0
802,5,4,3,6499.0,6664.0,165.0
803,5,1,2,6664.0,6759.0,95.0
804,5,3,3,6759.0,6929.0,170.0
805,5,8,3,6929.0,7079.0,150.0
806,5,7,1,7079.0,7303.0,224.0
807,5,3,3,7303.0,7473.0,170.0
808,5,3,3,7473.0,7643.0,170.0
809,5,1,2,7643.0,7738.0,95.0
810,5,7,1,7738.0,7962.0,224.0
811,5,8,3,7962.0,8112.0,150.0
812,5,8,3,8112.0,8262.0,150.0
813,5,3,3,8262.0,8432.0,170.0
814,5,7,1,8432.0,8656.0,224.0
815,5,3,3,8656.0,8826.0,170.0
816,5,1,2,8826.0,8921.0,95.0
817,5,7,1,8921.0,9145.0,224.0
818,5,8,3,9145.0,9295.0,150.0
819,5,8,3,9295.0,9445.0,150.0
820,5,3,3,9445.0,9615.0,170.0
821,5,1,2,9615.0,9710.0,95.0
822,5,3,3,9710.0,9880.0,170.0
823,5,7,1,9880.0,10104.0,224.0
824,5,8,3,10104.0,10254.0,150.0
825,5,3,3,10254.0,10424.0,170.0
826,5,7,1,10424.0,10648.0,224.0
827,5,1,2,10648.0,10743.0,95.0
828,5,8,3,10743.0,10893.0,150.0
829,5,3,3,10893.0,11063.0,170.0
830,5,7,1,11063.0,11287.0,224.0
831,5,8,3,11287.0,11437.0,150.0
832,5,3,3,11437.0,11607.0,170.0
833,5,1,2,11607.0,11702.0,95.0
834,5,4,3,11702.0,11867.0,165.0
835,5,3,3,11867.0,12037.0,170.0
836,5,7,1,12037.0,12261.0,224.0
837,5,8,3,12261.0,12411.0,150.0
838,5,3,3,12411.0,12581.0,170.0
839,5,7,1,12581.0,12805.0,224.0
840,5,8,3,12805.0,12955.0,150.0
841,5,1,2,12955.0,13050.0,95.0
842,5,7,1,13050.0,13274.0,224.0
843,5,8,3,13274.0,13424.0,150.0
844,5,3,3,13424.0,13594.0,170.0
845,5,7,1,13594.0,13818.0,224.0
846,5,3,3,13818.0,13988.0,170.0
847,5,1,2,13988.0,14083.0,95.0
848,5,8,3,14083.0,14233.0,150.0
849,5,3,3,14233.0,14403.0,170.0
850,5,7,1,14403.0,14627.0,224.0
851,5,8,3,14627.0,14777.0,150.0
852,5,3,3,14777.0,14947.0,170.0
853,5,1,2,14947.0,15042.0,95.0
854,5,8,3,15042.0,15192.0,150.0
855,5,7,1,15192.0,15416.0,224.0
856,5,3,3,15416.0,15586.0,170.0
857,5,7,1,15586.0,15810.0,224.0
858,5,3,3,15810.0,15980.0,170.0
859,5,8,3,15980.0,16130.0,150.0
860,5,4,3,16130.0,16295.0,165.0
861,5,7,1,16295.0,16519.0,224.0
862,5,8,3,16519.0,16669.0,150.0
863,5,3,3,16669.0,16839.0,170.0
864,5,1,2,16839.0,16934.0,95.0
865,5,3,3,16934.0,17104.0,170.0
866,5,3,3,17104.0,17274.0,170.0
867,5,8,3,17274.0,17424.0,150.0
868,5,7,1,17424.0,17648.0,224.0
869,5,3,3,17648.0,17818.0,170.0
870,5,8,3,17818.0,17968.0,150.0
871,5,1,2,17968.0,18063.0,95.0
872,5,3,3,18063.0,18233.0,170.0
873,5,7,1,18233.0,18457.0,224.0
874,5,8,3,18457.0,18607.0,150.0
875,5,7,1,18607.0,18831.0,224.0
876,5,8,3,18831.0,18981.0,150.0
877,5,1,2,18981.0,19076.0,95.0
878,5,3,3,19076.0,19246.0,170.0
879,5,3,3,19246.0,19416.0,170.0
880,5,3,3,19416.0,19586.0,170.0
881,5,4,3,19586.0,19751.0,165.0
882,5,3,3,19751.0,19921.0,170.0
883,5,1,2,19921.0,20016.0,95.0
884,5,8,3,20016.0,20166.0,150.0
885,5,8,3,20166.0,20316.0,150.0
886,6,0,1,100.0,223.0,123.0
887,6,0,1,223.0,346.0,123.0
888,6,8,2,380.0,430.0,50.0
889,6,7,2,469.0,647.0,178.0
890,6,6,2,647.0,825.0,178.0
891,6,5,3,825.0,875.0,50.0
892,6,7,3,875.0,1025.0,150.0
893,6,8,2,1064.0,1114.0,50.0
894,6,5,2,1187.0,1367.0,180.0
895,6,5,3,1367.0,1417.0,50.0
896,6,0,1,1417.0,1540.0,123.0
897,6,7,2,1540.0,1718.0,178.0
898,6,8,2,1718.0,1768.0,50.0
899,6,5,3,1768.0,1818.0,50.0
900,6,7,3,1818.0,1968.0,150.0
901,6,1,2,1968.0,2118.0,150.0
902,6,0,1,2118.0,2241.0,123.0
903,6,6,2,2241.0,2419.0,178.0
904,6,7,2,2419.0,2597.0,178.0
905,6,5,3,2597.0,2647.0,50.0
906,6,8,2,2647.0,2697.0,50.0
907,6,7,3,2697.0,2847.0,150.0
908,6,1,2,2847.0,2997.0,150.0
909,6,8,2,2997.0,3047.0,50.0
910,6,5,3,3047.0,3097.0,50.0
911,6,7,2,3097.0,3275.0,178.0
912,6,7,3,3275.0,3425.0,150.0
913,6,0,1,3425.0,3548.0,123.0
914,6,5,3,3548.0,3598.0,50.0
915,6,8,2,3598.0,3648.0,50.0
916,6,7,2,3648.0,3826.0,178.0
917,6,6,2,3826.0,4004.0,178.0
918,6,0,1,4004.0,4127.0,123.0
919,6,5,3,4127.0,4177.0,50.0
920,6,7,3,4177.0,4327.0,150.0
921,6,8,2,4327.0,4377.0,50.0
922,6,7,2,4377.0,4555.0,178.0
923,6,5,3,4555.0,4605.0,50.0
924,6,0,1,4605.0,4728.0,123.0
925,6,7,3,4728.0,4878.0,150.0
926,6,0,1,4878.0,5001.0,123.0
927,6,5,3,5001.0,5051.0,50.0
928,6,7,2,5051.0,5229.0,178.0
929,6,8,2,5229.0,5279.0,50.0
930,6,6,2,5279.0,5457.0,178.0
931,6,0,1,5457.0,5580.0,123.0
932,6,8,2,5580.0,5630.0,50.0
933,6,7,3,5630.0,5780.0,150.0
934,6,5,3,5780.0,5830.0,50.0
935,6,1,2,5830.0,5980.0,150.0
936,6,7,2,5980.0,6158.0,178.0
937,6,8,2,6158.0,6208.0,50.0
938,6,5,3,6208.0,6258.0,50.0
939,6,7,3,6258.0,6408.0,150.0
940,6,7,2,6408.0,6586.0,178.0
941,6,6,2,6586.0,6764.0,178.0
942,6,5,3,6764.0,6814.0,50.0
943,6,8,2,6814.0,6864.0,50.0
944,6,0,1,6864.0,6987.0,123.0
945,6,7,3,6987.0,7137.0,150.0
946,6,5,2,7137.0,7317.0,180.0
947,6,5,3,7317.0,7367.0,50.0
948,6,0,1,7367.0,7490.0,123.0
949,6,8,2,7490.0,7540.0,50.0
950,6,7,2,7540.0,7718.0,178.0
951,6,5,3,7718.0,7768.0,50.0
952,6,7,3,7768.0,7918.0,150.0
953,6,8,2,7918.0,7968.0,50.0
954,6,6,2,7968.0,8146.0,178.0
955,6,7,2,8146.0,8324.0,178.0
956,6,5,3,8324.0,8374.0,50.0
957,6,7,3,8374.0,8524.0,150.0
958,6,0,1,8524.0,8647.0,123.0
959,6,8,2,8647.0,8697.0,50.0
960,6,5,2,8697.0,8877.0,180.0
961,6,7,2,8877.0,9055.0,178.0
962,6,5,3,9055.0,9105.0,50.0
963,6,8,2,9105.0,9155.0,50.0
964,6,0,1,9155.0,9278.0,123.0
965,6,7,3,9278.0,9428.0,150.0
966,6,5,3,9428.0,9478.0,50.0
967,6,6,2,9478.0,9656.0,178.0
968,6,7,2,9656.0,9834.0,178.0
969,6,5,3,9834.0,9884.0,50.0
970,6,7,3,9884.0,10034.0,150.0
971,6,8,2,10034.0,10084.0,50.0
972,6,0,1,10084.0,10207.0,123.0
973,6,7,2,10207.0,10385.0,178.0
974,6,5,3,10385.0,10435.0,50.0
975,6,8,2,10435.0,10485.0,50.0
976,6,0,1,10485.0,10608.0,123.0
977,6,6,2,10608.0,10786.0,178.0
978,6,7,3,10786.0,10936.0,150.0
979,6,5,3,10936.0,10986.0,50.0
980,6,7,2,10986.0,11164.0,178.0
981,6,8,2,11164.0,11214.0,50.0
982,6,0,1,11214.0,11337.0,123.0
983,6,5,2,11337.0,11517.0,180.0
984,6,5,3,11517.0,11567.0,50.0
985,6,7,3,11567.0,11717.0,150.0
986,6,8,2,11717.0,11767.0,50.0
987,6,7,2,11767.0,11945.0,178.0
988,6,6,2,11945.0,12123.0,178.0
989,6,5,3,12123.0,12173.0,50.0
990,6,8,2,12173.0,12223.0,50.0
991,6,7,3,12223.0,12373.0,150.0
992,6,5,2,12373.0,12553.0,180.0
993,6,5,3,12553.0,12603.0,50.0
994,6,7,2,12603.0,12781.0,178.0
995,6,0,1,12781.0,12904.0,123.0
996,6,7,3,12904.0,13054.0,150.0
997,6,8,2,13054.0,13104.0,50.0
998,6,5,3,13104.0,13154.0,50.0
999,6,7,2,13154.0,13332.0,178.0
1000,6,0,1,13332.0,13455.0,123.0
1001,6,5,2,13455.0,13635.0,180.0
1002,6,5,3,13635.0,13685.0,50.0
1003,6,6,2,13685.0,13863.0,178.0
1004,6,8,2,13863.0,13913.0,50.0
1005,6,7,3,13913.0,14063.0,150.0
1006,6,8,2,14063.0,14113.0,50.0
1007,6,5,2,14113.0,14293.0,180.0
1008,6,5,3,14293.0,14343.0,50.0
1009,6,7,2,14343.0,14521.0,178.0
1010,6,7,3,14521.0,14671.0,150.0
1011,6,5,3,14671.0,14721.0,50.0
1012,6,7,2,14721.0,14899.0,178.0
1013,6,8,2,14899.0,14949.0,50.0
1014,6,0,1,14949.0,15072.0,123.0
1015,6,6,2,15072.0,15250.0,178.0
1016,6,5,2,15250.0,15430.0,180.0
1017,6,5,3,15430.0,15480.0,50.0
1018,6,7,3,15480.0,15630.0,150.0
1019,6,7,2,15630.0,15808.0,178.0
1020,6,8,2,15808.0,15858.0,50.0
1021,6,5,3,15858.0,15908.0,50.0
1022,6,1,2,15908.0,16058.0,150.0
1023,6,7,3,16058.0,16208.0,150.0
1024,6,8,2,16208.0,16258.0,50.0
1025,6,0,1,16258.0,16381.0,123.0
1026,6,7,2,16381.0,16559.0,178.0
1027,6,0,1,16559.0,16682.0,123.0
1028,6,5,3,16682.0,16732.0,50.0
1029,6,6,2,16732.0,16910.0,178.0
1030,6,7,3,16910.0,17060.0,150.0
1031,6,5,3,17060.0,17110.0,50.0
1032,6,8,2,17110.0,17160.0,50.0
1033,6,7,2,17160.0,17338.0,178.0
1034,6,0,1,17338.0,17461.0,123.0
1035,6,7,3,17461.0,17611.0,150.0
1036,6,5,3,17611.0,17661.0,50.0
1037,6,8,2,17661.0,17711.0,50.0
1038,6,7,2,17711.0,17889.0,178.0
1039,6,0,1,17889.0,18012.0,123.0
1040,6,5,3,18012.0,18062.0,50.0
1041,6,6,2,18062.0,18240.0,178.0
1042,6,7,3,18240.0,18390.0,150.0
1043,6,8,2,18390.0,18440.0,50.0
1044,6,7,2,18440.0,18618.0,178.0
1045,6,5,3,18618.0,18668.0,50.0
1046,6,8,2,18668.0,18718.0,50.0
1047,6,0,1,18718.0,18841.0,123.0
1048,6,7,2,18841.0,19019.0,178.0
1049,6,7,3,19019.0,19169.0,150.0
1050,6,5,3,19169.0,19219.0,50.0
1051,6,0,1,19219.0,19342.0,123.0
1052,6,6,2,19342.0,19520.0,178.0
1053,6,7,2,19520.0,19698.0,178.0
1054,6,5,3,19698.0,19748.0,50.0
1055,6,8,2,19748.0,19798.0,50.0
1056,6,0,1,19798.0,19921.0,123.0
1057,6,8,2,19921.0,19971.0,50.0
1058,6,7,3,19971.0,20121.0,150.0
1059,6,5,3,20121.0,20171.0,50.0
1060,6,7,3,20171.0,20321.0,150.0
1061,6,5,3,20381.0,20431.0,50.0
1062,7,2,3,494.0,659.0,165.0
1063,7,0,3,659.0,804.0,145.0
1064,7,0,3,804.0,949.0,145.0
1065,7,4,3,1013.0,1193.0,180.0
1066,7,2,3,1225.0,1390.0,165.0
1067,7,2,3,1390.0,1555.0,165.0
1068,7,4,3,1558.0,1738.0,180.0
1069,7,2,3,1738.0,1903.0,165.0
1070,7,0,3,1903.0,2048.0,145.0
1071,7,4,3,2156.0,2336.0,180.0
1072,7,0,3,2336.0,2481.0,145.0
1073,7,0,3,2485.0,2630.0,145.0
1074,7,2,3,2703.0,2868.0,165.0
1075,7,0,3,2885.0,3030.0,145.0
1076,7,4,3,3030.0,3210.0,180.0
1077,7,2,3,3210.0,3375.0,165.0
1078,7,2,3,3377.0,3542.0,165.0
1079,7,0,3,3542.0,3687.0,145.0
1080,7,2,3,3770.0,3935.0,165.0
1081,7,0,3,4035.0,4180.0,145.0
1082,7,4,3,4180.0,4360.0,180.0
1083,7,0,3,4360.0,4505.0,145.0
1084,7,4,3,4530.0,4710.0,180.0
1085,7,2,3,4710.0,4875.0,165.0
1086,7,2,3,4875.0,5040.0,165.0
1087,7,0,3,5040.0,5185.0,145.0
1088,7,4,3,5185.0,5365.0,180.0
1089,7,0,3,5375.0,5520.0,145.0
1090,7,4,3,5520.0,5700.0,180.0
1091,7,2,3,5700.0,5865.0,165.0
1092,7,0,3,5865.0,6010.0,145.0
1093,7,4,3,6010.0,6190.0,180.0
1094,7,2,3,6190.0,6355.0,165.0
1095,7,0,3,6355.0,6500.0,145.0
1096,7,2,3,6604.0,6769.0,165.0
1097,7,2,3,6769.0,6934.0,165.0
1098,7,0,3,6934.0,7079.0,145.0
1099,7,4,3,7079.0,7259.0,180.0
1100,7,0,3,7259.0,7404.0,145.0
1101,7,4,3,7404.0,7584.0,180.0
1102,7,2,3,7584.0,7749.0,165.0
1103,7,0,3,7749.0,7894.0,145.0
1104,7,4,3,7894.0,8074.0,180.0
1105,7,2,3,8111.0,8276.0,165.0
1106,7,0,3,8276.0,8421.0,145.0
1107,7,4,3,8421.0,8601.0,180.0
1108,7,2,3,8601.0,8766.0,165.0
1109,7,2,3,8766.0,8931.0,165.0
1110,7,0,3,8931.0,9076.0,145.0
1111,7,0,3,9076.0,9221.0,145.0
1112,7,4,3,9221.0,9401.0,180.0
1113,7,4,3,9401.0,9581.0,180.0
1114,7,0,3,9581.0,9726.0,145.0
1115,7,2,3,9726.0,9891.0,165.0
1116,7,0,3,9891.0,10036.0,145.0
1117,7,4,3,10036.0,10216.0,180.0
1118,7,2,3,10216.0,10381.0,165.0
1119,7,2,3,10381.0,10546.0,165.0
1120,7,0,3,10546.0,10691.0,145.0
1121,7,4,3,10691.0,10871.0,180.0
1122,7,0,3,10871.0,11016.0,145.0
1123,7,2,3,11016.0,11181.0,165.0
1124,7,4,3,11181.0,11361.0,180.0
1125,7,0,3,11361.0,11506.0,145.0
1126,7,2,3,11506.0,11671.0,165.0
1127,7,0,3,11671.0,11816.0,145.0
1128,7,2,3,11816.0,11981.0,165.0
1129,7,4,3,11981.0,12161.0,180.0
1130,7,4,3,12340.0,12520.0,180.0
1131,7,0,3,12520.0,12665.0,145.0
1132,7,2,3,12665.0,12830.0,165.0
1133,7,2,3,12830.0,12995.0,165.0
1134,7,0,3,12995.0,13140.0,145.0
1135,7,0,3,13140.0,13285.0,145.0
1136,7,4,3,13285.0,13465.0,180.0
1137,7,4,3,13465.0,13645.0,180.0
1138,7,2,3,13645.0,13810.0,165.0
1139,7,0,3,13810.0,13955.0,145.0
1140,7,4,3,13955.0,14135.0,180.0
1141,7,2,3,14135.0,14300.0,165.0
1142,7,0,3,14300.0,14445.0,145.0
1143,7,2,3,14445.0,14610.0,165.0
1144,7,4,3,14610.0,14790.0,180.0
1145,7,0,3,14790.0,14935.0,145.0
1146,7,2,3,14935.0,15100.0,165.0
1147,7,2,3,15100.0,15265.0,165.0
1148,7,4,3,15265.0,15445.0,180.0
1149,7,0,3,15445.0,15590.0,145.0
1150,7,4,3,15590.0,15770.0,180.0
1151,7,0,3,15770.0,15915.0,145.0
1152,7,2,3,15915.0,16080.0,165.0
1153,7,2,3,16080.0,16245.0,165.0
1154,7,2,3,16245.0,16410.0,165.0
1155,7,0,3,16410.0,16555.0,145.0
1156,7,4,3,16555.0,16735.0,180.0
1157,7,0,3,16735.0,16880.0,145.0
1158,7,4,3,16901.0,17081.0,180.0
1159,7,0,3,17081.0,17226.0,145.0
1160,7,2,3,17231.0,17396.0,165.0
1161,7,4,3,17396.0,17576.0,180.0
1162,7,2,3,17576.0,17741.0,165.0
1163,7,0,3,17741.0,17886.0,145.0
1164,7,0,3,17886.0,18031.0,145.0
1165,7,4,3,18031.0,18211.0,180.0
1166,7,2,3,18211.0,18376.0,165.0
1167,7,0,3,18376.0,18521.0,145.0
1168,7,4,3,18521.0,18701.0,180.0
1169,7,2,3,18701.0,18866.0,165.0
1170,7,4,3,18866.0,19046.0,180.0
1171,7,0,3,19046.0,19191.0,145.0
1172,7,0,3,19191.0,19336.0,145.0
1173,7,2,3,19336.0,19501.0,165.0
1174,7,2,3,19501.0,19666.0,165.0
1175,7,0,3,19666.0,19811.0,145.0
1176,7,4,3,19811.0,19991.0,180.0
1177,7,2,3,19991.0,20156.0,165.0
1178,7,0,3,20156.0,20301.0,145.0
1179,7,4,3,20301.0,20481.0,180.0
1180,7,0,3,20481.0,20626.0,145.0
