seq,compact_machine_id,compact_machine_label,type,op,start,end,duration
1,1,M1,1,0,0.0,1.0,1.0
2,1,M1,2,0,1.0,10.0,9.0
3,1,M1,1,0,10.0,11.0,1.0
4,1,M1,2,0,11.0,20.0,9.0
5,1,M1,2,2,20.0,21.0,1.0
6,1,M1,1,0,21.0,22.0,1.0
7,1,M1,2,2,22.0,23.0,1.0
8,1,M1,2,0,23.0,32.0,9.0
9,1,M1,3,0,32.0,44.0,12.0
10,1,M1,1,4,44.0,51.0,7.0
11,1,M1,1,4,51.0,58.0,7.0
12,1,M1,2,2,58.0,59.0,1.0
13,1,M1,1,0,59.0,60.0,1.0
14,1,M1,2,0,60.0,69.0,9.0
15,1,M1,3,0,69.0,81.0,12.0
16,1,M1,2,2,81.0,82.0,1.0
17,1,M1,1,0,82.0,83.0,1.0
18,1,M1,2,0,83.0,92.0,9.0
19,1,M1,2,2,94.0,95.0,1.0
20,1,M1,1,4,95.0,102.0,7.0
21,1,M1,1,4,102.0,109.0,7.0
22,1,M1,1,4,109.0,116.0,7.0
23,2,M2,0,2,15.0,19.0,4.0
24,2,M2,2,3,21.0,32.0,11.0
25,2,M2,0,2,32.0,36.0,4.0
26,2,M2,0,2,36.0,40.0,4.0
27,2,M2,2,3,40.0,51.0,11.0
28,2,M2,2,3,59.0,70.0,11.0
29,2,M2,2,3,82.0,93.0,11.0
30,2,M2,2,3,95.0,106.0,11.0
31,2,M2,0,2,106.0,110.0,4.0
32,2,M2,0,2,110.0,114.0,4.0
33,3,M3,1,1,1.0,11.0,10.0
34,3,M3,1,1,11.0,21.0,10.0
35,3,M3,1,1,22.0,32.0,10.0
36,3,M3,3,5,32.0,35.0,3.0
37,3,M3,3,5,43.0,46.0,3.0
38,3,M3,0,5,46.0,62.0,16.0
39,3,M3,1,1,62.0,72.0,10.0
40,3,M3,0,5,72.0,88.0,16.0
41,3,M3,0,5,88.0,104.0,16.0
42,3,M3,3,5,104.0,107.0,3.0
43,3,M3,3,5,107.0,110.0,3.0
44,3,M3,3,5,113.0,116.0,3.0
45,3,M3,0,5,124.0,140.0,16.0
46,3,M3,0,5,140.0,156.0,16.0
47,4,M4,3,0,0.0,11.0,11.0
48,4,M4,4,1,11.0,12.0,1.0
49,4,M4,4,1,12.0,13.0,1.0
50,4,M4,4,1,13.0,14.0,1.0
51,4,M4,3,0,14.0,25.0,11.0
52,4,M4,4,3,25.0,26.0,1.0
53,4,M4,4,3,26.0,27.0,1.0
54,4,M4,4,3,27.0,28.0,1.0
55,4,M4,0,3,28.0,35.0,7.0
56,4,M4,2,4,35.0,40.0,5.0
57,4,M4,0,3,40.0,47.0,7.0
58,4,M4,0,3,47.0,54.0,7.0
59,4,M4,2,4,54.0,59.0,5.0
60,4,M4,3,0,59.0,70.0,11.0
61,4,M4,4,7,70.0,74.0,4.0
62,4,M4,2,4,74.0,79.0,5.0
63,4,M4,4,1,79.0,80.0,1.0
64,4,M4,1,1,83.0,88.0,5.0
65,4,M4,4,3,88.0,89.0,1.0
66,4,M4,4,7,89.0,93.0,4.0
67,4,M4,2,4,93.0,98.0,5.0
68,4,M4,4,1,98.0,99.0,1.0
69,4,M4,4,3,104.0,105.0,1.0
70,4,M4,2,4,106.0,111.0,5.0
71,4,M4,0,3,111.0,118.0,7.0
72,4,M4,0,3,118.0,125.0,7.0
73,4,M4,4,7,127.0,131.0,4.0
74,4,M4,4,7,147.0,151.0,4.0
75,4,M4,4,7,167.0,171.0,4.0
76,5,M5,3,1,11.0,19.0,8.0
77,5,M5,3,1,25.0,33.0,8.0
78,5,M5,4,5,36.0,49.0,13.0
79,5,M5,4,5,49.0,62.0,13.0
80,5,M5,4,5,62.0,75.0,13.0
81,5,M5,3,1,75.0,83.0,8.0
82,5,M5,3,1,83.0,91.0,8.0
83,5,M5,3,1,91.0,99.0,8.0
84,5,M5,4,5,99.0,112.0,13.0
85,5,M5,4,5,112.0,125.0,13.0
86,6,M6,4,0,0.0,2.0,2.0
87,6,M6,4,0,2.0,4.0,2.0
88,6,M6,0,0,4.0,6.0,2.0
89,6,M6,0,0,6.0,8.0,2.0
90,6,M6,0,0,8.0,10.0,2.0
91,6,M6,4,0,10.0,12.0,2.0
92,6,M6,4,2,12.0,17.0,5.0
93,6,M6,4,2,17.0,22.0,5.0
94,6,M6,4,2,22.0,27.0,5.0
95,6,M6,1,2,27.0,33.0,6.0
96,6,M6,1,2,33.0,39.0,6.0
97,6,M6,0,4,39.0,44.0,5.0
98,6,M6,3,6,44.0,50.0,6.0
99,6,M6,3,6,50.0,56.0,6.0
100,6,M6,0,4,56.0,61.0,5.0
101,6,M6,0,4,61.0,66.0,5.0
102,6,M6,1,2,66.0,72.0,6.0
103,6,M6,4,0,72.0,74.0,2.0
104,6,M6,1,2,74.0,80.0,6.0
105,6,M6,4,2,80.0,85.0,5.0
106,6,M6,0,0,85.0,87.0,2.0
107,6,M6,0,0,87.0,89.0,2.0
108,6,M6,1,2,89.0,95.0,6.0
109,6,M6,4,0,95.0,97.0,2.0
110,6,M6,4,2,99.0,104.0,5.0
111,6,M6,3,6,107.0,113.0,6.0
112,6,M6,3,6,113.0,119.0,6.0
113,6,M6,0,4,119.0,124.0,5.0
114,6,M6,3,6,124.0,130.0,6.0
115,6,M6,0,4,130.0,135.0,5.0
116,7,M7,2,1,10.0,12.0,2.0
117,7,M7,2,1,20.0,22.0,2.0
118,7,M7,2,1,32.0,34.0,2.0
119,7,M7,1,5,51.0,54.0,3.0
120,7,M7,1,5,58.0,61.0,3.0
121,7,M7,2,1,69.0,71.0,2.0
122,7,M7,2,1,92.0,94.0,2.0
123,7,M7,1,5,102.0,105.0,3.0
124,7,M7,1,5,109.0,112.0,3.0
125,7,M7,1,5,116.0,119.0,3.0
126,8,M8,1,3,33.0,39.0,6.0
127,8,M8,1,3,39.0,45.0,6.0
128,8,M8,4,6,49.0,69.0,20.0
129,8,M8,4,6,69.0,89.0,20.0
130,8,M8,1,3,89.0,95.0,6.0
131,8,M8,1,3,95.0,101.0,6.0
132,8,M8,1,3,101.0,107.0,6.0
133,8,M8,4,6,107.0,127.0,20.0
134,8,M8,4,6,127.0,147.0,20.0
135,8,M8,4,6,147.0,167.0,20.0
136,9,M9,3,2,19.0,20.0,1.0
137,9,M9,3,3,20.0,21.0,1.0
138,9,M9,3,4,21.0,29.0,8.0
139,9,M9,3,2,33.0,34.0,1.0
140,9,M9,3,3,34.0,35.0,1.0
141,9,M9,3,4,35.0,43.0,8.0
142,9,M9,3,2,83.0,84.0,1.0
143,9,M9,3,3,84.0,85.0,1.0
144,9,M9,3,4,85.0,93.0,8.0
145,9,M9,3,2,93.0,94.0,1.0
146,9,M9,3,3,94.0,95.0,1.0
147,9,M9,3,4,95.0,103.0,8.0
148,9,M9,3,2,103.0,104.0,1.0
149,9,M9,3,3,104.0,105.0,1.0
150,9,M9,3,4,105.0,113.0,8.0
151,10,M10,0,1,6.0,15.0,9.0
152,10,M10,0,1,15.0,24.0,9.0
153,10,M10,0,1,24.0,33.0,9.0
154,10,M10,4,4,33.0,36.0,3.0
155,10,M10,4,4,36.0,39.0,3.0
156,10,M10,4,4,39.0,42.0,3.0
157,10,M10,0,1,87.0,96.0,9.0
158,10,M10,4,4,96.0,99.0,3.0
159,10,M10,0,1,99.0,108.0,9.0
160,10,M10,4,4,108.0,111.0,3.0
